{"schemaVersion":"1.0","appDefinitionTemplate":{"id":"/providers/Microsoft.PowerApps/apps/","type":"Microsoft.PowerApps/apps","tags":{"primaryDeviceWidth":"1366","primaryDeviceHeight":"768","supportsPortrait":"true","supportsLandscape":"true","primaryFormFactor":"Tablet","publisherVersion":"3.22064.10","minimumRequiredApiVersion":"2.2.0","hasComponent":"true","hasUnlockedComponent":"true","isUnifiedRootApp":"false","sienaVersion":"20220713T224655Z-3.22064.10.0"},"properties":{"appVersion":"2022-07-13T22:46:55Z","lifeCycleId":"Published","createdByClientVersion":{"major":3,"minor":22064,"build":10,"revision":0,"majorRevision":0,"minorRevision":0},"minClientVersion":{"major":3,"minor":22064,"build":10,"revision":0,"majorRevision":0,"minorRevision":0},"backgroundColor":"rgba(255, 255, 255, 1)","backgroundImageUri":"/15190903712628855746/N58b3604e-fffa-4065-81b6-50ba13b9e34e-logoSmallFile","displayName":"Neumorphic UI Kit - Iced Blue","description":"Iced blue neumorphic UI kit curated by Kristine Kolodziejski","commitMessage":"","appUris":{"documentUri":{"value":"/15190903712628855746/Nd01891de-2ec4-42db-a4bd-e0dd5ca5d189-document.msapp"},"imageUris":[],"additionalUris":[]},"createdTime":"0001-01-01T00:00:00Z","lastModifiedTime":"0001-01-01T00:00:00Z","sharedGroupsCount":0,"sharedUsersCount":0,"icons":{"smallIconUri":"/15190903712628855746/N20e75b51-7ae0-4e79-a6ee-370133cc85ec-small.png","mediumIconUri":"/15190903712628855746/Na6ae03e2-e19d-40ff-b8d7-f88ea778ecf4-medium.png","largeIconUri":"/15190903712628855746/Nd24fe106-fa59-44e0-8d8d-42d579493384-large.png","wideIconUri":"/15190903712628855746/Ne951d59b-cd7a-4194-9381-a69a4354072f-wide.png"},"connectionReferences":{},"databaseReferences":{},"almMode":"Environment","performanceOptimizationEnabled":true,"canConsumeAppPass":true,"executionRestrictions":{"isTeamsOnly":false,"dataLossPreventionEvaluationResult":{"status":"Compliant","lastEvaluationDate":"2022-07-06T19:54:59.6121272Z","violations":[],"violationsByPolicy":[],"violationErrorMessage":"The app uses the following connectors: ."}}},"appType":"ClassicCanvasApp","appComponents":[]}}